,Centre Type,Total Store Sq Ft,Sales Floor Sq Ft,Girls Sq Ft,Guys Sq Ft,Guys Linear Feet,Store Frontage (ft),Guys Segmentation,Girls Segmentation,25 to 44 Low Income
0,Outlet,4295,3641,1838.0,852.0,38.0,80,On Trend,On Trend,683
1,Mall,7325,6471,2477.0,1616.0,59.0,57,Fashion Forward,Fashion Forward,11104
2,Outlet,4157,3592,1884.0,927.0,48.0,36,Fashion Forward,Fashion Forward,63228
3,Outlet,5238,4275,1936.0,1035.0,48.0,70,On Trend,On Trend,10011
4,Outlet,3175,2935,1691.0,690.0,34.0,45,Fashion Forward,Fashion Forward,32448
5,Mall,5716,4878,2676.0,992.0,66.0,49,On Trend,On Trend,5767
6,Mall,6108,5043,2369.0,1253.0,103.0,50,On Trend,On Trend,1702
7,Mall,5927,5064,2399.0,1212.0,48.0,60,On Trend,On Trend,1848
8,Outlet,7508,6250,2914.0,1632.0,68.0,75,Fashion Forward,Fashion Forward,36201
9,Mall,7191,6024,2635.0,1688.0,124.0,58,Fashion Forward,Fashion Forward,4636
10,Mall,7489,6717,2808.0,1269.0,99.0,55,On Trend,On Trend,8081
11,Mall,6693,4484,2005.0,1146.0,54.0,45,On Trend,On Trend,3476
12,Mall,3603,3213,1798.0,742.0,30.0,38,On Trend,On Trend,1513
13,Outlet,7500,6699,2440.0,1211.0,93.0,75,Fashion Forward,Fashion Forward,6515
14,Mall,8090,7442,3239.0,1298.0,115.0,91,Fashion Forward,Fashion Forward,14746
15,Mall,5600,4666,2320.0,1258.0,54.0,50,On Trend,On Trend,1614
16,Mall,5857,4949,2568.0,1155.0,60.0,45,On Trend,On Trend,1949
17,Outlet,7110,6150,2756.0,1708.0,72.0,76,Fashion Forward,Fashion Forward,9451
18,Strip,6713,6120,2676.0,980.0,85.0,60,On Trend,On Trend,632
19,Outlet,4000,3428,2016.0,817.0,44.0,40,On Trend,On Trend,6775
20,Outlet,4050,3490,1865.0,855.0,36.0,45,On Trend,On Trend,11440
21,Outlet,4000,3476,1849.0,860.0,32.0,39,On Trend,On Trend,30783
22,Outlet,5505,4573,2325.0,1341.0,64.0,61,Fashion Forward,Fashion Forward,6115
23,Outlet,5505,4573,2190.0,1076.0,80.0,59,On Trend,On Trend,40384
24,Outlet,5003,4311,1870.0,1153.0,85.0,62,Fashion Forward,Fashion Forward,3053
25,Outlet,7501,6510,2895.0,1781.0,74.0,77,Fashion Forward,Fashion Forward,14504
26,Outlet,6000,4791,2645.0,1082.0,38.0,60,On Trend,On Trend,5302
27,Outlet,6500,5963,2238.0,1183.0,96.0,65,Fashion Forward,Fashion Forward,27251
28,Outlet,5900,5185,2667.0,1179.0,56.0,58,Fashion Forward,Fashion Forward,21843
29,Outlet,4508,3826,1805.0,1068.0,60.0,45,On Trend,On Trend,7154
30,Outlet,6731,5774,2711.0,1474.0,63.0,67,Fashion Forward,Fashion Forward,8651
31,Outlet,5500,4881,2214.0,1294.0,60.0,55,On Trend,On Trend,66890
32,Mall,6950,6255,2454.0,1132.0,84.0,73,On Trend,On Trend,4628
33,Outlet,5705,5057,2369.0,1194.0,50.0,64,On Trend,On Trend,9896
34,Outlet,3400,2752,1505.0,712.0,,40,Fashion Forward,Fashion Forward,5647
35,Outlet,7053,6073,2836.0,1503.0,64.0,70,Fashion Forward,Fashion Forward,113040
36,Outlet,8000,7302,2568.0,1246.0,96.0,80,Fashion Forward,Fashion Forward,151883
37,Outlet,4950,4209,2071.0,821.0,36.0,55,On Trend,On Trend,19348
38,Outlet,4500,3850,1819.0,847.0,38.0,45,On Trend,On Trend,3374
39,Outlet,7464,6080,3006.0,1508.0,69.0,72,On Trend,On Trend,45714
40,Mall,8012,7212,3065.0,1165.0,90.0,90,On Trend,On Trend,4290
41,Outlet,2911,2188,1147.0,692.0,,35,On Trend,On Trend,40232
42,Outlet,4599,3672,1783.0,745.0,,49,On Trend,On Trend,28632
43,Strip,4800,4000,1893.0,914.0,44.0,60,On Trend,On Trend,766
44,Strip,4025,3382,1496.0,1180.0,38.0,40,Fashion Forward,Fashion Forward,3520
45,Mall,3630,3159,1731.0,778.0,36.0,59,Fashion Forward,Fashion Forward,4318
46,Strip,5008,4221,1986.0,1010.0,50.0,50,On Trend,On Trend,1242
47,Mall,5891,5025,2225.0,1237.0,60.0,49,Fashion Forward,Fashion Forward,13149
48,Mall,5300,4572,2012.0,1220.0,53.0,71,Fashion Forward,Fashion Forward,2788
49,Mall,9086,7046,3051.0,1234.0,104.0,76,On Trend,On Trend,2980
50,Outlet,5400,4606,2311.0,1019.0,42.0,60,On Trend,On Trend,1390
51,Mall,8607,7724,3321.0,1248.0,94.0,85,On Trend,On Trend,3661
52,Mall,8410,7511,2536.0,1235.0,100.0,65,Fashion Forward,Fashion Forward,6158
53,Outlet,8000,7354,2948.0,1322.0,58.0,100,Fashion Forward,Fashion Forward,26197
54,Mall,7896,7011,2788.0,1154.0,86.0,72,On Trend,On Trend,2497
55,Strip,5000,4252,1950.0,995.0,48.0,50,Fashion Forward,Fashion Forward,2277
56,Outlet,5597,4848,2259.0,1055.0,52.0,71,On Trend,On Trend,40091
57,Mall,5078,4279,2265.0,929.0,44.0,56,On Trend,On Trend,1876
58,Mall,6334,4659,2385.0,1100.0,50.0,40,On Trend,On Trend,1450
59,Mall,8256,7986,3173.0,1323.0,99.0,58,Fashion Forward,Fashion Forward,5399
60,Outlet,6509,5700,2303.0,1101.0,90.0,69,On Trend,On Trend,3242
61,Mall,4604,4045,2179.0,857.0,40.0,60,On Trend,On Trend,2918
62,Outlet,3173,2563,1455.0,553.0,30.0,35,On Trend,On Trend,12239
63,Mall,6823,6047,2834.0,1573.0,71.0,53,Fashion Forward,Fashion Forward,7183
64,Mall,4619,3767,1819.0,896.0,38.0,42,Fashion Forward,Fashion Forward,12353
65,Mall,7461,6641,2924.0,1069.0,78.0,118,On Trend,On Trend,2690
66,Mall,5447,4694,2062.0,1110.0,50.0,52,On Trend,On Trend,1866
67,Outlet,5000,4415,2003.0,1092.0,50.0,50,On Trend,On Trend,10793
68,Outlet,4500,3853,2139.0,844.0,38.0,45,On Trend,On Trend,56233
69,Mall,3863,3320,1711.0,777.0,46.0,40,Fashion Forward,Fashion Forward,3685
70,Mall,7077,6344,2664.0,1085.0,94.0,68,On Trend,On Trend,5990
71,Strip,5500,4754,2168.0,1350.0,103.0,55,On Trend,On Trend,1245
72,Mall,6915,5695,2517.0,1381.0,60.0,51,On Trend,On Trend,8762
73,Mall,5543,4163,2414.0,1012.0,44.0,95,Fashion Forward,Fashion Forward,8529
74,Mall,6500,5778,2224.0,1014.0,76.0,71,On Trend,On Trend,6518
75,Mall,6970,6095,2982.0,1497.0,58.0,80,Fashion Forward,Fashion Forward,12564
76,Mall,6806,6071,2927.0,1504.0,66.0,60,Fashion Forward,Fashion Forward,10568
77,Mall,5280,4455,2412.0,996.0,46.0,73,On Trend,On Trend,2775
78,Mall,4670,4011,2166.0,957.0,50.0,53,Fashion Forward,Fashion Forward,4364
79,Outlet,3400,2652,1303.0,730.0,48.0,34,On Trend,On Trend,68570
80,Mall,6005,5270,2378.0,1315.0,60.0,50,Fashion Forward,Fashion Forward,2404
81,Mall,8025,7296,3020.0,1183.0,91.0,75,Fashion Forward,Fashion Forward,2721
82,Mall,10618,8343,3674.0,1988.0,86.0,103,Fashion Forward,Fashion Forward,5546
83,Mall,7222,6548,2737.0,1133.0,93.0,72,On Trend,On Trend,5862
84,Mall,4700,3827,1727.0,951.0,44.0,40,Fashion Forward,Fashion Forward,7635
85,Mall,5932,5243,2834.0,1146.0,46.0,91,On Trend,On Trend,3129
86,Outlet,7000,6073,2730.0,1680.0,67.0,70,Fashion Forward,Fashion Forward,15619
87,Outlet,3396,2974,1628.0,744.0,42.0,34,Fashion Forward,Fashion Forward,63863
88,Outlet,3600,3168,1604.0,885.0,50.0,36,On Trend,On Trend,14027
89,Mall,3825,3248,1654.0,750.0,36.0,40,Fashion Forward,Fashion Forward,3703
90,Strip,4768,4062,1791.0,1198.0,62.0,44,On Trend,On Trend,4352
91,Outlet,3716,3272,1950.0,718.0,40.0,37,Fashion Forward,Fashion Forward,15568
92,Outlet,6479,5604,3064.0,1194.0,54.0,66,On Trend,On Trend,15003
93,Strip,3700,3100,1843.0,678.0,36.0,37,On Trend,On Trend,4220
94,Mall,4294,3622,1773.0,891.0,44.0,49,On Trend,On Trend,7131
95,Mall,7000,6299,2549.0,1082.0,94.0,75,Fashion Forward,Fashion Forward,2650
96,Outlet,6532,5651,3086.0,1379.0,62.0,56,Fashion Forward,Fashion Forward,16371
97,Strip,6000,4960,2400.0,1185.0,48.0,60,Fashion Forward,Fashion Forward,2075
98,Strip,4160,3520,1806.0,1011.0,50.0,52,On Trend,On Trend,2526
99,Strip,4196,3375,1521.0,820.0,46.0,40,On Trend,On Trend,971
100,Strip,4000,3359,,,,59,On trend,On Trend,1056
101,Strip,3436,2900,1454.0,820.0,34.0,49,On Trend,On Trend,7031
102,Outlet,3200,2800,1727.0,572.0,38.0,32,Fashion Forward,Fashion Forward,67356
103,Mall,7638,7104,3177.0,1242.0,92.0,100,On Trend,On Trend,984
104,Mall,8223,6441,2806.0,1114.0,95.0,54,On Trend,On Trend,3539
105,Strip,6076,5201,2464.0,1251.0,58.0,61,On Trend,On Trend,712
106,Strip,8000,6895,2865.0,1133.0,90.0,81,Fashion Forward,Fashion Forward,1771
107,Mall,7326,6471,2424.0,1167.0,93.0,70,Fashion Forward,Fashion Forward,10051
108,Mall,7000,6332,2628.0,1173.0,102.0,67,Fashion Forward,Fashion Forward,2470
109,Strip,7539,6648,2509.0,1515.0,71.0,80,Fashion Forward,Fashion Forward,5642
110,Strip,3863,3405,1816.0,887.0,,51,On Trend,On Trend,4720
111,Mall,5370,4593,2091.0,1342.0,104.0,50,Fashion Forward,Fashion Forward,4144
112,Mall,4944,4192,2066.0,990.0,44.0,60,On Trend,On Trend,1127
113,Strip,4000,3538,1918.0,728.0,,40,On Trend,On Trend,2657
114,Mall,7554,6922,2704.0,1242.0,95.0,75,Fashion Forward,Fashion Forward,5488
115,Mall,6940,6211,2611.0,1113.0,85.0,83,Fashion Forward,Fashion Forward,5661
116,Mall,4262,3477,1779.0,851.0,46.0,60,Fashion Forward,Fashion Forward,3587
117,Strip,6309,5198,2636.0,1269.0,52.0,70,Fashion Forward,Fashion Forward,5453
118,Mall,6407,5922,2311.0,1173.0,93.0,51,Fashion Forward,Fashion Forward,6899
119,Strip,6119,5246,2468.0,1336.0,70.0,66,On Trend,On Trend,5793
120,Mall,7645,6734,2743.0,1158.0,91.0,43,On Trend,On Trend,5781
121,Mall,8473,7515,3026.0,1428.0,92.0,148,Fashion Forward,Fashion Forward,3263
122,Mall,5500,4775,2218.0,1245.0,89.0,60,On Trend,On Trend,2458
123,Strip,6850,6089,2242.0,1263.0,97.0,54,On Trend,On Trend,1122
124,Outlet,6802,6255,2531.0,1076.0,90.0,68,Fashion Forward,Fashion Forward,41137
125,Strip,4800,3950,2216.0,678.0,38.0,60,Fashion Forward,Fashion Forward,2206
126,Mall,6444,5364,2301.0,1016.0,68.0,49,On Trend,On Trend,1959
127,Strip,7013,6291,2433.0,1201.0,90.0,50,Fashion Forward,Fashion Forward,6842
128,Outlet,5945,5254,2487.0,1293.0,62.0,73,Fashion Forward,Fashion Forward,19857
129,Outlet,7123,5755,2663.0,1400.0,50.0,64,On Trend,On Trend,4738
130,Strip,6000,5176,2538.0,1279.0,62.0,51,On Trend,On Trend,2344
131,Mall,9116,6453,2566.0,1161.0,99.0,68,On Trend,On Trend,1864
132,Strip,7200,6425,2587.0,1325.0,96.0,72,On Trend,On Trend,1507
133,Mall,6771,5719,2579.0,1354.0,68.0,60,Fashion Forward,Fashion Forward,2545
134,Mall,6500,5838,2238.0,1028.0,87.0,55,Fashion Forward,Fashion Forward,4240
135,Mall,7703,6985,2915.0,1448.0,102.0,78,Fashion Forward,Fashion Forward,3020
136,Mall,5174,4504,2231.0,1108.0,78.0,55,On Trend,On Trend,5982
137,Mall,5727,4745,2534.0,1047.0,38.0,60,Fashion Forward,Fashion Forward,3219
138,Mall,3888,3364,1884.0,866.0,38.0,40,On Trend,On Trend,912
139,Strip,4000,3430,2024.0,806.0,38.0,40,Fashion Forward,Fashion Forward,4926
140,Strip,4000,3382,2065.0,720.0,36.0,40,On Trend,On Trend,810
141,Mall,7378,6637,2975.0,985.0,46.0,107,Fashion Forward,Fashion Forward,6385
142,Strip,5000,4256,1925.0,1037.0,46.0,50,On Trend,On Trend,1414
143,Mall,6884,5956,2419.0,1090.0,82.0,70,On Trend,On Trend,9946
144,Strip,5000,4126,1976.0,1037.0,81.0,62,Fashion Forward,Fashion Forward,6158
145,Mall,7433,6796,2785.0,1103.0,96.0,60,On Trend,On Trend,3358
146,Mall,5619,4797,2182.0,1246.0,58.0,59,On Trend,On Trend,1873
147,Mall,6869,6118,2656.0,1035.0,95.0,80,Fashion Forward,Fashion Forward,5946
148,Outlet,4710,4030,1721.0,978.0,44.0,53,On Trend,On Trend,11042
149,Outlet,5677,4678,2492.0,904.0,42.0,61,Fashion Forward,Fashion Forward,67225
150,Outlet,4654,4026,1894.0,888.0,40.0,58,Fashion Forward,Fashion Forward,28076
151,Strip,3990,3422,2228.0,694.0,36.0,38,Fashion Forward,Fashion Forward,2676
152,Mall,7538,6892,2775.0,1276.0,105.0,63,Fashion Forward,Fashion Forward,10827
153,Outlet,6491,5797,2062.0,1073.0,84.0,65,On Trend,On Trend,23824
154,Strip,6800,5947,2950.0,1492.0,106.0,85,Fashion Forward,Fashion Forward,2655
155,Outlet,7680,6850,3122.0,1730.0,78.0,90,Fashion Forward,Fashion Forward,20867
156,Mall,7370,6729,2604.0,1109.0,91.0,78,On Trend,On Trend,2780
157,Mall,7899,7335,2925.0,1253.0,84.0,77,Fashion Forward,Fashion Forward,6311
158,Strip,5006,4258,2373.0,784.0,38.0,81,Fashion Forward,Fashion Forward,5371
159,Strip,4686,3871,2424.0,698.0,40.0,36,On Trend,On Trend,2374
160,Strip,3255,2795,1597.0,664.0,38.0,32,Fashion Forward,Fashion Forward,1019
161,Mall,7227,6443,2559.0,1193.0,58.0,76,Fashion Forward,Fashion Forward,5539
162,Strip,7110,6450,2849.0,1030.0,86.0,65,On Trend,On Trend,4684
163,Strip,5800,5034,2143.0,1339.0,59.0,58,On Trend,On Trend,943
164,Mall,4605,3948,1883.0,941.0,38.0,40,On Trend,On Trend,2899
165,Strip,7359,6500,2515.0,1764.0,71.0,69,Fashion Forward,Fashion Forward,494
166,Mall,4935,4248,2130.0,966.0,36.0,60,On Trend,On Trend,2902
167,Strip,6000,5367,2630.0,1152.0,50.0,60,Fashion Forward,Fashion Forward,1143
168,Strip,4951,4005,1615.0,1169.0,79.0,60,Fashion Forward,Fashion Forward,3797
169,Strip,4002,3365,1622.0,868.0,38.0,56,On Trend,On Trend,1053
170,Mall,6715,6036,2502.0,964.0,78.0,113,On Trend,On Trend,5853
171,Mall,7500,6743,2873.0,1151.0,101.0,70,On Trend,On Trend,1620
172,Strip,6503,5862,2198.0,1025.0,66.0,64,On Trend,On Trend,957
173,Strip,6000,5049,2192.0,1400.0,59.0,60,Fashion Forward,Fashion Forward,1011
174,Mall,4766,3951,2097.0,806.0,38.0,51,On Trend,On Trend,1745
175,Mall,5021,4206,2351.0,879.0,34.0,72,On Trend,On Trend,1916
176,Strip,4999,4124,2099.0,910.0,38.0,50,On Trend,On Trend,3120
177,Strip,5783,4705,2346.0,901.0,40.0,46,On Trend,On Trend,1466
178,Mall,7355,5440,2287.0,1474.0,48.0,49,On Trend,On Trend,3303
179,Strip,5452,4597,2473.0,737.0,40.0,47,Fashion Forward,Fashion Forward,1501
180,Mall,4706,3665,1860.0,848.0,36.0,49,Fashion Forward,Fashion Forward,2731
181,Strip,5702,4694,2375.0,1033.0,38.0,60,Fashion Forward,Fashion Forward,10703
182,Outlet,5052,4502,2095.0,1150.0,48.0,53,On Trend,On Trend,39195
183,Strip,4542,3952,1967.0,920.0,34.0,50,On Trend,On Trend,8232
184,Strip,3840,3298,1613.0,867.0,38.0,48,On Trend,On Trend,974
185,Strip,4560,3677,2216.0,902.0,42.0,65,On Trend,On Trend,850
186,Strip,5000,4259,1856.0,1134.0,38.0,50,Fashion Forward,Fashion Forward,3718
187,Strip,6700,5998,2450.0,1091.0,91.0,95,Fashion Forward,Fashion Forward,3888
188,Strip,6500,5793,2300.0,1131.0,98.0,52,Fashion Forward,Fashion Forward,12752
189,Strip,6920,6192,2421.0,1071.0,75.0,71,Fashion Forward,Fashion Forward,6802
190,Outlet,4300,3679,1972.0,782.0,42.0,47,On Trend,On Trend,33602
191,Strip,5001,4160,2258.0,798.0,38.0,48,On Trend,On Trend,1917
192,Strip,5000,4273,1929.0,1178.0,38.0,40,On Trend,On Trend,1354
193,Strip,4640,3872,,778.0,,45,On trend,On Trend,558
194,Strip,4650,4052,2052.0,859.0,38.0,62,Fashion Forward,Fashion Forward,7254
195,Strip,5000,4056,2121.0,843.0,38.0,50,Fashion Forward,Fashion Forward,1791
196,Mall,7973,7259,3202.0,1097.0,86.0,87,Fashion Forward,Fashion Forward,4656
197,Strip,4700,4087,1964.0,992.0,38.0,47,Fashion Forward,Fashion Forward,4721
198,Strip,4995,4323,2159.0,962.0,42.0,45,Fashion Forward,Fashion Forward,2288
199,Strip,6500,5851,2351.0,800.0,76.0,65,Fashion Forward,Fashion Forward,430
200,Strip,4500,3803,2063.0,849.0,48.0,45,On Trend,On Trend,546
201,Strip,4799,4104,2164.0,1002.0,38.0,60,On Trend,On Trend,3588
202,Strip,5000,4269,1936.0,1000.0,48.0,50,On Trend,On Trend,623
203,Strip,4720,4005,2028.0,903.0,38.0,60,Fashion Forward,Fashion Forward,1405
204,Strip,4715,3917,2024.0,912.0,48.0,58,On Trend,On Trend,1496
205,Strip,6564,5919,2377.0,1134.0,86.0,81,Fashion Forward,Fashion Forward,1085
206,Strip,4200,3590,1807.0,918.0,36.0,60,On Trend,On Trend,1277
207,Mall,5887,5215,2246.0,1010.0,77.0,60,On Trend,On Trend,7732
208,Outlet,5000,3978,2086.0,832.0,36.0,50,On Trend,On Trend,6227
209,Strip,6500,5916,2244.0,1066.0,89.0,65,Fashion Forward,Fashion Forward,3783
210,Strip,5000,4770,2553.0,978.0,42.0,48,On Trend,On Trend,1329
211,Mall,4505,3913,1894.0,867.0,36.0,42,On Trend,On Trend,3138
212,Mall,6062,5074,2378.0,1040.0,38.0,60,Fashion Forward,Fashion Forward,2265
213,Mall,5158,4405,2071.0,1035.0,44.0,50,On Trend,Fashion Forward,1645
214,Mall,4365,3597,1871.0,813.0,40.0,44,On Trend,On Trend,7731
215,Mall,7012,6176,2294.0,1202.0,93.0,50,Fashion Forward,Fashion Forward,7638
216,Mall,6500,6008,2407.0,1104.0,80.0,70,On Trend,On Trend,3686
217,Strip,4506,3755,1848.0,793.0,40.0,55,Fashion Forward,Fashion Forward,1639
218,Mall,5202,4515,2051.0,1079.0,50.0,50,Fashion Forward,Fashion Forward,7093
219,Mall,6826,6210,2475.0,1096.0,97.0,74,On Trend,On Trend,2286
220,Mall,6018,5238,2482.0,1387.0,95.0,60,Fashion Forward,Fashion Forward,4002
221,Mall,4564,3762,1781.0,883.0,38.0,60,Fashion Forward,Fashion Forward,5893
222,Mall,5173,4305,2168.0,855.0,38.0,74,Fashion Forward,Fashion Forward,2273
223,Strip,4902,4152,2094.0,899.0,42.0,42,On Trend,On Trend,5922
224,Strip,6482,6192,2216.0,1098.0,89.0,56,On Trend,On Trend,2626
225,Strip,5000,3805,1086.0,886.0,38.0,42,Fashion Forward,Fashion Forward,457
226,Strip,4950,4277,2011.0,929.0,40.0,45,Fashion Forward,Fashion Forward,2593
227,Outlet,6700,6119,2293.0,1141.0,98.0,67,Fashion Forward,Fashion Forward,34946
228,Mall,5008,4127,2063.0,914.0,38.0,45,Fashion Forward,Fashion Forward,2349
229,Strip,4400,3692,1997.0,687.0,,53,Fashion Forward,Fashion Forward,435
230,Strip,4400,3696,1852.0,673.0,36.0,55,On Trend,On Trend,2384
231,Strip,4781,4069,2209.0,888.0,40.0,43,On Trend,On Trend,1321
232,Mall,7463,6692,2561.0,1176.0,97.0,55,Fashion Forward,Fashion Forward,1976
233,Mall,7957,7367,2932.0,1130.0,98.0,66,On Trend,On Trend,1771
234,Mall,4934,4373,2109.0,996.0,48.0,50,Fashion Forward,Fashion Forward,2287
235,Mall,7258,6429,2495.0,1226.0,97.0,93,Fashion Forward,Fashion Forward,2171
236,Mall,4279,3644,3061.0,670.0,34.0,66,Fashion Forward,Fashion Forward,1635
237,Mall,6832,6260,2564.0,1089.0,87.0,65,On Trend,On Trend,3182
238,Strip,4405,3706,1878.0,849.0,38.0,69,On Trend,On Trend,2065
239,Mall,5000,4302,1948.0,1073.0,38.0,70,Fashion Forward,Fashion Forward,1689
240,Strip,4500,3793,1847.0,843.0,38.0,75,On Trend,On Trend,8464
241,Mall,7467,6772,3003.0,1107.0,89.0,85,Fashion Forward,Fashion Forward,7725
242,Strip,4400,3760,2018.0,875.0,40.0,45,Fashion Forward,Fashion Forward,976
243,Outlet,4500,3841,1906.0,898.0,46.0,56,Fashion Forward,Fashion Forward,22420
244,Strip,4160,3469,1522.0,845.0,38.0,52,Fashion Forward,Fashion Forward,9311
245,Mall,4311,3656,1920.0,791.0,38.0,45,On Trend,On Trend,1728
246,Mall,5000,4685,2419.0,934.0,44.0,45,Fashion Forward,Fashion Forward,5555
247,Strip,4424,3738,1933.0,821.0,56.0,56,Fashion Forward,Fashion Forward,1587
248,Strip,6500,5846,2278.0,1008.0,84.0,65,On Trend,On Trend,3115
249,Mall,7275,6443,2696.0,1068.0,87.0,71,Fashion Forward,Fashion Forward,3464
250,Strip,6500,5807,2157.0,1105.0,86.0,77,On Trend,On Trend,3402
251,Strip,5000,4302,2178.0,1081.0,50.0,50,On Trend,On Trend,752
252,Mall,7249,6786,2880.0,1391.0,83.0,84,Fashion Forward,Fashion Forward,3022
253,Outlet,4608,3969,1971.0,969.0,50.0,50,Fashion Forward,Fashion Forward,89066
254,Mall,4080,3472,1764.0,818.0,38.0,51,Fashion Forward,Fashion Forward,2165
255,Mall,4768,3910,1957.0,866.0,40.0,52,On Trend,On Trend,5285
256,Mall,7035,6247,2552.0,1132.0,85.0,67,On Trend,On Trend,3020
257,Strip,5600,4592,2474.0,968.0,42.0,70,Fashion Forward,Fashion Forward,1449
258,Mall,6395,5700,2766.0,1608.0,101.0,71,On Trend,On Trend,1466
259,Strip,4200,3470,1816.0,736.0,38.0,60,On Trend,On Trend,6052
260,Mall,7512,6962,2750.0,1261.0,98.0,65,Fashion Forward,Fashion Forward,6077
261,Strip,4900,4037,2056.0,827.0,42.0,70,Fashion Forward,Fashion Forward,1823
262,Mall,7581,7006,2705.0,1186.0,99.0,58,Fashion Forward,Fashion Forward,2686
263,Outlet,6417,5807,2441.0,1080.0,85.0,80,On Trend,On Trend,38709
264,Strip,4410,3706,1955.0,876.0,48.0,42,On Trend,On Trend,1445
265,Strip,6000,5331,2724.0,1216.0,86.0,94,Fashion Forward,Fashion Forward,1385
266,Strip,4404,3749,2136.0,706.0,46.0,46,On Trend,On Trend,1798
267,Strip,5000,4242,1923.0,1008.0,44.0,63,Fashion Forward,Fashion Forward,1544
268,Strip,4544,3797,2054.0,831.0,38.0,52,On Trend,On Trend,5010
269,Mall,6124,5150,2713.0,1006.0,48.0,49,Fashion Forward,Fashion Forward,8951
270,Strip,5000,4217,1966.0,1077.0,50.0,50,Fashion Forward,Fashion Forward,504
271,Mall,4004,3337,1864.0,595.0,36.0,54,Fashion Forward,Fashion Forward,4525
272,Mall,7276,6514,2701.0,1102.0,89.0,73,Fashion Forward,Fashion Forward,8427
273,Strip,4253,3604,1800.0,848.0,50.0,50,On Trend,Fashion Forward,506
274,Mall,7066,6285,2667.0,1145.0,105.0,76,Fashion Forward,Fashion Forward,4697
275,Strip,7000,5931,2842.0,1383.0,54.0,60,On Trend,On Trend,1593
276,Strip,4224,3526,1810.0,746.0,38.0,55,Fashion Forward,Fashion Forward,5303
277,Strip,6500,5884,2325.0,1016.0,86.0,65,On Trend,On Trend,886
278,Mall,4800,3975,2088.0,824.0,38.0,60,Fashion Forward,Fashion Forward,3923
279,Mall,6232,5622,2606.0,1010.0,50.0,115,On Trend,On Trend,3311
280,Strip,4500,3847,1657.0,1166.0,94.0,50,Fashion Forward,Fashion Forward,1391
281,Mall,7331,6550,2546.0,1119.0,84.0,71,Fashion Forward,Fashion Forward,4074
282,Strip,5000,4269,2229.0,954.0,50.0,50,Fashion Forward,Fashion Forward,4131
283,Mall,6824,6231,2410.0,1207.0,75.0,60,Fashion Forward,Fashion Forward,11940
284,Strip,6473,5335,2830.0,1231.0,56.0,54,On Trend,On Trend,3748
285,Strip,5000,4516,2307.0,1046.0,50.0,50,Fashion Forward,Fashion Forward,10590
286,Strip,6500,5849,2449.0,1051.0,74.0,94,Fashion Forward,Fashion Forward,1918
287,Strip,4259,3639,1989.0,790.0,46.0,43,Fashion Forward,Fashion Forward,4020
288,Strip,5894,5080,2326.0,1043.0,86.0,96,On Trend,On Trend,3006
289,Strip,4498,3725,2048.0,793.0,40.0,45,On Trend,Fashion Forward,2379
290,Strip,7200,6177,3334.0,963.0,,70,On trend,On Trend,1163
291,Mall,6218,5666,2958.0,1398.0,58.0,47,On Trend,On Trend,16487
292,Mall,6146,5311,2905.0,1257.0,48.0,50,Fashion Forward,Fashion Forward,2988
293,Strip,7040,6347,2624.0,1137.0,89.0,88,On Trend,On Trend,1384
294,Strip,4300,3707,1923.0,962.0,48.0,43,On Trend,On Trend,747
295,Mall,4453,3896,1990.0,938.0,42.0,62,Fashion Forward,Fashion Forward,6216
296,Mall,7591,6966,3053.0,1283.0,90.0,135,Fashion Forward,Fashion Forward,2406
297,Mall,7387,6519,2722.0,1252.0,113.0,74,Fashion Forward,Fashion Forward,8716
298,Mall,5502,4692,2454.0,1023.0,54.0,46,On Trend,On Trend,3646
299,Strip,4215,3565,1739.0,831.0,42.0,70,On Trend,On Trend,742
300,Mall,5511,4358,2305.0,920.0,48.0,44,Fashion Forward,Fashion Forward,6937
301,Mall,5240,4550,2344.0,1140.0,54.0,47,Fashion Forward,Fashion Forward,4275
302,Mall,8477,6734,3300.0,1656.0,62.0,75,Fashion Forward,Fashion Forward,8698
303,Mall,4552,3807,1958.0,958.0,50.0,40,Fashion Forward,Fashion Forward,12717
304,Strip,4749,4007,2140.0,828.0,38.0,60,Fashion Forward,Fashion Forward,1914
305,Mall,7497,6149,2721.0,1594.0,57.0,75,On Trend,On Trend,9968
306,Strip,7892,7123,2812.0,1211.0,90.0,70,On Trend,On Trend,5303
307,Mall,6966,6260,2385.0,1152.0,88.0,88,Fashion Forward,Fashion Forward,14012
308,Strip,4804,4037,2205.0,923.0,48.0,60,On Trend,On Trend,2361
309,Mall,7000,6391,2593.0,1259.0,84.0,56,On Trend,On Trend,25563
310,Mall,9393,8638,3889.0,1323.0,102.0,79,Fashion Forward,Fashion Forward,17359
311,Mall,4961,4307,2513.0,918.0,50.0,41,Fashion Forward,Fashion Forward,2765
312,Mall,6889,6330,2505.0,1353.0,102.0,60,Fashion Forward,Fashion Forward,2448
313,Mall,6992,6243,2180.0,1500.0,88.0,45,Fashion Forward,Fashion Forward,12103
314,Strip,4232,3551,1790.0,781.0,38.0,73,On Trend,On Trend,1822
315,Strip,5071,4369,2033.0,1035.0,44.0,48,Fashion Forward,Fashion Forward,3291
316,Strip,6000,5214,2475.0,1299.0,60.0,61,Fashion Forward,Fashion Forward,1067
317,Strip,5000,3689,1927.0,837.0,42.0,81,Fashion Forward,Fashion Forward,1198
318,Strip,5000,4750,2336.0,940.0,56.0,44,On Trend,On Trend,3511
319,Mall,5175,4487,2629.0,910.0,40.0,61,Fashion Forward,Fashion Forward,13353
320,Mall,7285,6664,2560.0,1096.0,76.0,88,Fashion Forward,Fashion Forward,4235
321,Mall,6500,5750,2274.0,1094.0,98.0,57,Fashion Forward,Fashion Forward,11184
322,Strip,5000,4192,2119.0,1067.0,58.0,40,On Trend,On Trend,820
323,Strip,4404,3698,1839.0,830.0,42.0,59,On Trend,On Trend,1216
324,Mall,5122,4314,2142.0,1048.0,48.0,40,On Trend,On Trend,2629
325,Mall,8844,7410,2894.0,1331.0,85.0,112,On Trend,On Trend,9917
326,Strip,4710,3990,1903.0,933.0,44.0,87,On Trend,On Trend,2454
327,Mall,6363,5694,2607.0,1249.0,66.0,63,Fashion Forward,Fashion Forward,6433
328,Strip,4487,3886,2073.0,878.0,44.0,57,On Trend,On Trend,2778
329,Strip,4980,4222,2171.0,1022.0,44.0,62,On Trend,On Trend,1000
330,Strip,4511,3866,2002.0,858.0,44.0,54,On Trend,On Trend,4629
331,Strip,4400,3708,2126.0,984.0,48.0,50,On Trend,Fashion Forward,2256
332,Mall,6048,5132,2657.0,1225.0,52.0,50,On Trend,On Trend,4689
333,Outlet,6000,5316,2459.0,1327.0,72.0,77,Fashion Forward,Fashion Forward,43501
334,Mall,6938,5874,2850.0,1565.0,117.0,57,Fashion Forward,Fashion Forward,7103
335,Mall,7575,6379,3273.0,1652.0,72.0,50,Fashion Forward,Fashion Forward,5508
336,Mall,5316,4466,2313.0,1078.0,48.0,40,On Trend,On Trend,6548
337,Mall,6024,4979,2552.0,1237.0,52.0,90,On Trend,On Trend,6851
338,Strip,7408,6373,3004.0,1465.0,64.0,80,Fashion Forward,Fashion Forward,3450
339,Mall,5616,4789,2455.0,1111.0,54.0,52,On Trend,On Trend,1931
340,Mall,4504,3921,1975.0,1017.0,52.0,40,Fashion Forward,Fashion Forward,5274
341,Mall,6760,5735,3102.0,1387.0,58.0,55,Fashion Forward,Fashion Forward,2627
342,Mall,4664,4004,2061.0,962.0,46.0,58,On Trend,On Trend,1975
343,Mall,4768,3977,2034.0,859.0,40.0,48,On Trend,On Trend,7056
344,Mall,5766,4890,2583.0,1145.0,52.0,52,Fashion Forward,Fashion Forward,5924
345,Mall,4683,4209,1938.0,1122.0,32.0,65,Fashion Forward,Fashion Forward,25442
346,Mall,5683,4808,2449.0,1137.0,48.0,47,Fashion Forward,Fashion Forward,25389
347,Mall,9935,9057,4159.0,1488.0,79.0,95,On Trend,On Trend,3540
348,Mall,8077,6801,2924.0,1049.0,58.0,71,Fashion Forward,Fashion Forward,3083
349,Mall,8875,8142,3547.0,1324.0,110.0,86,Fashion Forward,Fashion Forward,3687
350,Mall,5000,4208,2293.0,1113.0,48.0,59,On Trend,On Trend,1941
351,Mall,4380,3719,1813.0,832.0,40.0,50,Fashion Forward,Fashion Forward,2872
352,Mall,6953,6158,2344.0,1160.0,81.0,84,On Trend,On Trend,8048
353,Strip,7155,6559,2709.0,1292.0,92.0,115,On Trend,On Trend,5794
354,Strip,7603,6205,2385.0,1520.0,65.0,58,Fashion Forward,Fashion Forward,8285
355,Mall,7528,6417,2566.0,1077.0,64.0,55,Fashion Forward,Fashion Forward,6079
356,Strip,4800,4009,2113.0,898.0,46.0,60,On Trend,On Trend,1006
357,Strip,5258,4392,2290.0,1006.0,40.0,76,Fashion Forward,Fashion Forward,6577
358,Strip,4099,3407,1764.0,764.0,38.0,59,Fashion Forward,Fashion Forward,3110
359,Strip,4500,3868,1934.0,985.0,50.0,45,Fashion Forward,Fashion Forward,2683
360,Mall,4644,3972,2020.0,975.0,48.0,42,Fashion Forward,Fashion Forward,7991
361,Mall,5272,4671,2415.0,1065.0,36.0,81,On Trend,On Trend,832
362,Strip,5000,4140,2141.0,952.0,52.0,49,Fashion Forward,Fashion Forward,856
363,Strip,4939,3973,1720.0,987.0,52.0,41,On Trend,On Trend,922
364,Mall,7037,6215,2865.0,1652.0,61.0,115,On Trend,On Trend,2761
365,Mall,6130,5440,2374.0,1398.0,67.0,75,Fashion Forward,Fashion Forward,5573
366,Strip,7300,6644,2876.0,1180.0,97.0,90,Fashion Forward,Fashion Forward,1759
367,Strip,7299,6643,2825.0,924.0,52.0,90,On Trend,On Trend,958
368,Mall,8122,7505,3340.0,1208.0,84.0,110,On Trend,On Trend,2251
369,Mall,5793,4794,2197.0,1179.0,54.0,45,Fashion Forward,Fashion Forward,13636
370,Mall,7376,6671,2763.0,1208.0,94.0,62,On Trend,On Trend,2539
371,Strip,4500,3865,1748.0,892.0,44.0,44,On Trend,On Trend,755
372,Mall,4919,4312,1916.0,1081.0,56.0,57,Fashion Forward,Fashion Forward,18636
373,Mall,4682,3961,2115.0,740.0,32.0,56,On Trend,On Trend,2133
374,Mall,4584,3953,1857.0,899.0,48.0,39,Fashion Forward,Fashion Forward,12377
375,Mall,6261,4908,2275.0,1197.0,62.0,49,Fashion Forward,Fashion Forward,10972
376,Mall,5270,4458,2012.0,1201.0,60.0,40,Fashion Forward,Fashion Forward,22029
377,Mall,5085,4218,1976.0,940.0,48.0,51,On Trend,On Trend,3747
378,Mall,6000,5072,2549.0,1227.0,55.0,48,On Trend,On Trend,11455
379,Strip,4500,3845,1765.0,889.0,46.0,45,Fashion Forward,Fashion Forward,1751
380,Mall,7604,6187,2981.0,1518.0,64.0,58,Fashion Forward,Fashion Forward,6184
381,Mall,5402,4555,1993.0,1228.0,60.0,40,Fashion Forward,Fashion Forward,5728
382,Mall,5132,4361,2157.0,1097.0,44.0,72,Fashion Forward,Fashion Forward,32807
383,Mall,5446,4781,2174.0,1267.0,50.0,45,Fashion Forward,Fashion Forward,13964
384,Mall,5220,4496,2074.0,1076.0,50.0,61,On Trend,On Trend,3434
385,Mall,7498,6630,2462.0,1342.0,65.0,84,Fashion Forward,Fashion Forward,19364
386,Mall,6384,5457,2483.0,1302.0,56.0,56,On Trend,On Trend,2106
387,Strip,4464,3799,1953.0,840.0,44.0,59,On Trend,On Trend,594
388,Mall,8105,7452,3142.0,1090.0,81.0,85,On Trend,On Trend,1570
389,Strip,5000,4205,1843.0,976.0,46.0,55,Fashion Forward,Fashion Forward,6725
390,Mall,5000,4234,1901.0,1027.0,46.0,60,On Trend,On Trend,4529
391,Mall,6915,6175,2328.0,1098.0,90.0,65,On Trend,On Trend,3350
392,Strip,5354,4300,2011.0,969.0,46.0,56,On Trend,On Trend,7954
393,Strip,7200,6587,2641.0,1293.0,85.0,124,On Trend,On Trend,1751
394,Strip,6547,5849,2208.0,1066.0,88.0,55,On Trend,On Trend,1150
395,Strip,4500,3849,1876.0,974.0,78.0,45,On Trend,On Trend,1053
396,Strip,6363,5060,2387.0,1197.0,48.0,91,On Trend,On Trend,872
397,Mall,6780,5954,2914.0,1562.0,63.0,57,Fashion Forward,Fashion Forward,5289
398,Mall,6724,5852,3000.0,1300.0,58.0,61,Fashion Forward,Fashion Forward,17412
399,Mall,7152,6382,2850.0,1084.0,93.0,60,Fashion Forward,Fashion Forward,23426
400,Mall,8391,7454,3102.0,1508.0,60.0,90,Fashion Forward,Fashion Forward,24189
401,Strip,6161,5221,2327.0,1370.0,65.0,55,Fashion Forward,Fashion Forward,3027
402,Mall,4824,4036,1909.0,841.0,44.0,45,Fashion Forward,Fashion Forward,7174
403,Mall,6439,5505,2482.0,1367.0,59.0,55,On Trend,On Trend,3017
404,Mall,6853,5887,2930.0,1256.0,52.0,39,Fashion Forward,Fashion Forward,12477
405,Strip,7458,6789,2543.0,1202.0,90.0,66,On Trend,On Trend,1224
406,Strip,4225,3608,1809.0,870.0,46.0,40,On Trend,On Trend,787
407,Mall,7737,6922,2797.0,1214.0,63.0,84,Fashion Forward,Fashion Forward,8349
408,Mall,6961,6190,2016.0,1542.0,52.0,66,Fashion Forward,Fashion Forward,3815
409,Strip,4240,3559,1714.0,902.0,48.0,53,On Trend,On Trend,5680
410,Strip,4485,3800,1697.0,897.0,46.0,50,On Trend,On Trend,1512
411,Strip,8082,7368,3125.0,1196.0,78.0,83,On Trend,On Trend,1615
412,Mall,7519,6690,2691.0,1221.0,95.0,50,Fashion Forward,Fashion Forward,5931
413,Strip,6135,5287,2622.0,1301.0,61.0,71,Fashion Forward,Fashion Forward,5318
414,Strip,5535,4592,2018.0,1119.0,54.0,49,Fashion Forward,Fashion Forward,8161
415,Mall,8960,7577,2881.0,2036.0,70.0,80,Fashion Forward,Fashion Forward,4572
416,Mall,6766,5409,1951.0,1053.0,60.0,60,On Trend,On Trend,698
417,Strip,6000,5198,2387.0,1297.0,63.0,60,Fashion Forward,Fashion Forward,1174
418,Mall,7936,7073,3128.0,1291.0,111.0,64,Fashion Forward,Fashion Forward,7179
419,Strip,5500,4741,2054.0,1307.0,58.0,55,Fashion Forward,Fashion Forward,8329
420,Strip,4970,4258,1983.0,1036.0,52.0,70,Fashion Forward,Fashion Forward,7393
421,Mall,5472,5261,2515.0,1318.0,52.0,65,On Trend,On Trend,2918
422,Mall,7000,5935,2613.0,1599.0,62.0,70,Fashion Forward,Fashion Forward,11077
423,Strip,5300,4379,1903.0,1059.0,56.0,51,On Trend,On Trend,958
424,Mall,6879,5921,2262.0,1479.0,61.0,59,Fashion Forward,Fashion Forward,4551
425,Strip,4748,3960,1732.0,900.0,44.0,59,Fashion Forward,Fashion Forward,689
426,Mall,6487,5875,2478.0,1058.0,94.0,70,Fashion Forward,Fashion Forward,6564
427,Mall,5928,5066,2442.0,1160.0,54.0,46,Fashion Forward,Fashion Forward,44184
428,Strip,4717,4040,2054.0,964.0,48.0,61,Fashion Forward,Fashion Forward,25380
429,Mall,7878,7436,3029.0,1146.0,91.0,60,On Trend,On Trend,7744
430,Mall,6692,5677,2453.0,1595.0,58.0,60,Fashion Forward,Fashion Forward,11654
431,Mall,6426,5601,2707.0,1227.0,55.0,69,Fashion Forward,Fashion Forward,3987
432,Mall,6529,5596,2415.0,1584.0,65.0,60,Fashion Forward,Fashion Forward,69627
433,Strip,4356,3697,1843.0,926.0,44.0,49,On Trend,On Trend,7486
434,Strip,4500,3833,1832.0,851.0,46.0,45,On Trend,On Trend,494
435,Mall,5500,4535,1887.0,1175.0,54.0,40,Fashion Forward,Fashion Forward,18181
436,Mall,4673,3885,1852.0,880.0,50.0,38,Fashion Forward,Fashion Forward,4597
437,Mall,5769,4959,2232.0,1186.0,58.0,57,Fashion Forward,Fashion Forward,10190
438,Strip,4500,3800,2017.0,844.0,46.0,45,On Trend,On Trend,703
439,Strip,4928,4113,1765.0,1071.0,48.0,58,On Trend,On Trend,643
440,Strip,4461,3785,1869.0,862.0,44.0,81,On Trend,On Trend,2478
441,Mall,5000,4385,1838.0,1112.0,52.0,50,On Trend,On Trend,910
442,Strip,5000,4252,1885.0,1071.0,,56,On trend,On Trend,874
443,Mall,4500,3707,1683.0,903.0,48.0,41,On Trend,On Trend,2236
444,Mall,7183,6366,2491.0,1294.0,57.0,68,On Trend,On Trend,3183
445,Mall,4579,3846,2058.0,887.0,44.0,54,Fashion Forward,Fashion Forward,10912
446,Mall,4992,4343,2162.0,1114.0,56.0,116,On Trend,On Trend,9239
447,Mall,7544,6869,2679.0,1202.0,86.0,65,On Trend,On Trend,4176
448,Strip,4503,3790,1807.0,972.0,48.0,53,On Trend,On Trend,1043
449,Strip,7650,6746,2664.0,1309.0,111.0,45,On Trend,On Trend,2097
450,Mall,4985,4190,2032.0,925.0,44.0,50,On Trend,On Trend,8274
451,Mall,5356,4549,2050.0,1168.0,55.0,47,On Trend,On Trend,5385
452,Mall,4511,3883,2019.0,806.0,42.0,45,On Trend,On Trend,3655
453,Mall,5914,5232,2620.0,1263.0,46.0,89,On Trend,On Trend,4654
454,Outlet,5400,4558,2156.0,1054.0,51.0,60,On Trend,On Trend,1090
455,Mall,4693,3983,1892.0,879.0,44.0,53,On Trend,On Trend,15961
456,Mall,6078,5260,2663.0,1156.0,64.0,59,Fashion Forward,Fashion Forward,3433
457,Outlet,6841,5887,2788.0,1533.0,45.0,87,Fashion Forward,Fashion Forward,11453
458,Strip,5260,4455,2134.0,1019.0,52.0,49,Fashion Forward,Fashion Forward,1303
459,Outlet,5557,4866,2124.0,1241.0,59.0,56,Fashion Forward,Fashion Forward,79174
460,Strip,4900,4260,2081.0,1080.0,83.0,61,On Trend,On Trend,784
461,Mall,4800,4457,1979.0,1051.0,50.0,84,Fashion Forward,Fashion Forward,19244
462,Mall,7022,6217,2283.0,1134.0,69.0,78,Fashion Forward,Fashion Forward,10395
463,Strip,4557,3904,,,,57,On trend,On Trend,845
464,Mall,4384,3804,2056.0,867.0,50.0,40,On Trend,On Trend,520
465,Strip,5000,4310,1960.0,1055.0,48.0,49,On Trend,On Trend,1442
466,Mall,5966,5066,2230.0,1367.0,58.0,60,On Trend,On Trend,7690
467,Strip,4935,4232,1939.0,952.0,54.0,40,On Trend,On Trend,808
468,Strip,4900,4202,1943.0,962.0,48.0,49,On Trend,On Trend,789
469,Mall,4800,4152,2106.0,900.0,44.0,60,On Trend,On Trend,5305
470,Strip,5416,4364,1907.0,1102.0,46.0,55,On Trend,On Trend,695
471,Mall,8030,7364,3234.0,1381.0,59.0,103,On Trend,On Trend,6067
472,Mall,5246,4448,2138.0,1021.0,48.0,71,Fashion Forward,Fashion Forward,1961
473,Strip,4500,3828,1830.0,894.0,44.0,66,On Trend,On Trend,3250
474,Mall,5834,5171,2392.0,1275.0,59.0,64,Fashion Forward,Fashion Forward,12774
475,Mall,5368,4576,2060.0,1180.0,44.0,61,Fashion Forward,Fashion Forward,9352
476,Mall,7000,6236,2756.0,1152.0,46.0,70,Fashion Forward,Fashion Forward,6262
477,Strip,4500,3821,1698.0,943.0,42.0,45,Fashion Forward,Fashion Forward,3071
478,Mall,5018,4140,2245.0,798.0,39.0,44,On Trend,On Trend,10478
479,Strip,4500,3847,,,,45,Fashion Forward,Fashion Forward,2415
480,Strip,4500,3869,2020.0,903.0,42.0,71,On Trend,On Trend,1784
481,Strip,4561,3867,1849.0,956.0,46.0,65,Fashion Forward,Fashion Forward,3968
482,Mall,4740,3978,1891.0,986.0,46.0,45,On Trend,On Trend,1585
483,Mall,5123,4337,2021.0,980.0,42.0,62,Fashion Forward,Fashion Forward,4311
484,Strip,4650,3964,1830.0,900.0,44.0,47,On Trend,On Trend,280
485,Strip,4800,4158,2010.0,873.0,44.0,80,On Trend,On Trend,947
486,Mall,5173,4422,2083.0,1053.0,50.0,40,Fashion Forward,Fashion Forward,9295
487,Mall,4780,4042,1925.0,950.0,46.0,45,On Trend,On Trend,941
488,Strip,4798,4046,1892.0,907.0,48.0,60,Fashion Forward,Fashion Forward,1498
489,Strip,6500,5878,2288.0,994.0,42.0,81,Fashion Forward,Fashion Forward,9293
490,Outlet,4976,4195,2007.0,945.0,50.0,50,On Trend,On Trend,65700
491,Strip,7350,6593,2818.0,1079.0,48.0,105,Fashion Forward,Fashion Forward,2744
492,Mall,6760,6039,2551.0,1012.0,52.0,65,Fashion Forward,Fashion Forward,10795
493,Strip,6565,5995,2369.0,1093.0,78.0,65,On Trend,On Trend,604
494,Mall,5311,4597,2164.0,1061.0,54.0,46,On Trend,On Trend,1968
495,Strip,4900,4177,1969.0,911.0,42.0,70,Fashion Forward,Fashion Forward,7651
496,Mall,6803,5754,2771.0,1468.0,65.0,60,Fashion Forward,Fashion Forward,4607
497,Strip,4700,4311,2117.0,1001.0,48.0,75,On Trend,On Trend,553
498,Strip,5688,4670,2504.0,1022.0,46.0,60,On Trend,On Trend,304
499,Mall,4457,3764,1855.0,952.0,52.0,56,On Trend,On Trend,1207
500,Outlet,5600,4889,2144.0,1305.0,60.0,56,Fashion Forward,Fashion Forward,163293
501,Strip,5177,4444,2025.0,1105.0,52.0,51,On Trend,Fashion Forward,1139
502,Mall,4839,4124,1864.0,944.0,46.0,62,On Trend,On Trend,1657
503,Strip,6000,5297,2403.0,1334.0,58.0,54,Fashion Forward,Fashion Forward,1899
504,Mall,5241,4385,1902.0,1154.0,54.0,45,On Trend,On Trend,2360
505,Strip,5008,4229,2027.0,991.0,50.0,45,On Trend,On Trend,2918
506,Mall,5185,4082,1881.0,969.0,52.0,40,Fashion Forward,Fashion Forward,5781
507,Mall,6351,5512,2607.0,1407.0,60.0,58,On Trend,On Trend,9803
508,Mall,5144,4166,1926.0,972.0,46.0,52,On Trend,On Trend,1230
509,Strip,4800,4065,1771.0,988.0,48.0,50,Fashion Forward,Fashion Forward,8500
510,Mall,5000,4747,2129.0,1206.0,54.0,40,Fashion Forward,Fashion Forward,13960
511,Strip,5150,4267,2050.0,1003.0,54.0,40,Fashion Forward,Fashion Forward,6325
512,Mall,6891,6326,2454.0,1171.0,81.0,91,On Trend,On Trend,3214
513,Mall,5550,4642,1915.0,1310.0,102.0,50,On Trend,On Trend,1089
514,Strip,4500,3790,1902.0,863.0,48.0,79,On Trend,On Trend,505
515,Mall,5100,4357,1920.0,1114.0,56.0,40,On Trend,On Trend,4151
516,Strip,4228,3560,1739.0,869.0,40.0,60,On Trend,On Trend,452
517,Strip,5060,4372,1888.0,1300.0,101.0,46,On Trend,On Trend,3084
518,Outlet,7560,6982,3050.0,1063.0,93.0,84,Fashion Forward,Fashion Forward,14099
519,Mall,5212,4419,2046.0,1028.0,48.0,53,On Trend,On Trend,838
520,Mall,6000,4655,2283.0,1105.0,48.0,60,On Trend,On Trend,896
521,Mall,7000,6236,2698.0,1120.0,94.0,76,On Trend,On Trend,50830
522,Mall,4300,3736,1628.0,943.0,50.0,43,On Trend,On Trend,565
523,Strip,6050,4523,2106.0,1176.0,,60,On trend,On Trend,641
524,Strip,4500,3843,1776.0,841.0,42.0,50,On Trend,On Trend,1651
525,Strip,4500,3819,1928.0,952.0,44.0,58,Fashion Forward,Fashion Forward,7646
526,Strip,4984,4280,1921.0,1076.0,52.0,45,On Trend,On Trend,5408
527,Mall,7619,6882,2269.0,1359.0,92.0,54,Fashion Forward,Fashion Forward,20388
528,Mall,5462,4716,2411.0,995.0,46.0,74,Fashion Forward,Fashion Forward,2513
529,Strip,5550,4762,1954.0,1357.0,60.0,50,On Trend,On Trend,189
530,Strip,5140,4344,1969.0,1011.0,44.0,79,On Trend,On Trend,753
531,Mall,5400,4674,2262.0,1084.0,46.0,60,On Trend,On Trend,417
532,Mall,5200,4237,2075.0,962.0,46.0,65,On Trend,On Trend,2299
533,Mall,4930,4175,1874.0,1081.0,50.0,45,Fashion Forward,Fashion Forward,2596
534,Strip,4725,3992,1878.0,969.0,48.0,45,On Trend,On Trend,727
535,Mall,4448,3512,1794.0,836.0,46.0,39,Fashion Forward,Fashion Forward,4353
536,Mall,5872,4839,2162.0,1347.0,58.0,50,Fashion Forward,Fashion Forward,11950
537,Mall,6723,6075,2880.0,1592.0,83.0,77,Fashion Forward,Fashion Forward,3468
538,Mall,5032,4284,1923.0,1146.0,48.0,42,On Trend,On Trend,1041
539,Mall,6924,6216,2679.0,942.0,44.0,80,Fashion Forward,Fashion Forward,7734
540,Mall,6930,6162,2623.0,1269.0,97.0,82,Fashion Forward,Fashion Forward,18227
541,Mall,4938,4075,1827.0,961.0,44.0,60,Fashion Forward,Fashion Forward,13483
542,Mall,4507,3823,1711.0,873.0,46.0,50,On Trend,On Trend,1484
543,Mall,4835,4222,1957.0,1147.0,95.0,45,On Trend,On Trend,1119
544,Strip,5628,4881,2261.0,1283.0,58.0,80,On Trend,On Trend,3548
545,Mall,4983,4188,1987.0,999.0,48.0,45,Fashion Forward,Fashion Forward,15892
546,Strip,5600,4653,2114.0,1154.0,50.0,71,On Trend,On Trend,378
547,Strip,5000,4275,1989.0,1209.0,99.0,63,On Trend,On Trend,1043
548,Mall,4717,4068,1857.0,964.0,50.0,50,Fashion Forward,Fashion Forward,2971
549,Mall,7478,6196,2786.0,1832.0,67.0,85,Fashion Forward,Fashion Forward,12240
550,Strip,4400,3764,1567.0,856.0,,44,Fashion Forward,Fashion Forward,5970
551,Mall,7153,6325,2500.0,1128.0,97.0,66,On Trend,On Trend,16218
552,Outlet,5099,4434,1993.0,1269.0,94.0,65,On Trend,On Trend,1021
553,Strip,7500,6810,3062.0,1137.0,87.0,83,On Trend,On Trend,1359
554,Mall,7300,6464,2102.0,1376.0,95.0,91,On Trend,On Trend,5786
555,Mall,8014,7042,2700.0,1307.0,98.0,50,Fashion Forward,Fashion Forward,15777
556,Mall,6767,5951,2850.0,1663.0,92.0,67,On Trend,On Trend,1280
557,Strip,4800,4018,1851.0,879.0,42.0,60,Fashion Forward,Fashion Forward,1398
558,Mall,6773,5988,2827.0,1548.0,108.0,67,Fashion Forward,Fashion Forward,50081
559,Mall,6342,5691,2989.0,1247.0,93.0,60,Fashion Forward,Fashion Forward,25194
560,Mall,5773,4960,1880.0,1473.0,109.0,46,On Trend,On Trend,1857
561,Mall,6600,5608,2583.0,1395.0,66.0,60,Fashion Forward,Fashion Forward,9652
562,Mall,4950,4248,2038.0,1004.0,46.0,45,On Trend,On Trend,13236
563,Strip,4500,3849,1520.0,1249.0,81.0,45,On Trend,On Trend,1011
564,Mall,6354,5359,2545.0,1381.0,105.0,55,Fashion Forward,Fashion Forward,2357
565,Mall,5134,4370,1948.0,1234.0,85.0,59,On Trend,On Trend,3616
566,Strip,5000,4228,1870.0,1158.0,88.0,50,On Trend,On Trend,491
567,Mall,4837,4175,1833.0,1191.0,80.0,60,On Trend,On Trend,1537
568,Mall,6157,5371,2455.0,1351.0,99.0,60,Fashion Forward,Fashion Forward,22658
569,Strip,5000,4228,1844.0,1276.0,87.0,58,Fashion Forward,Fashion Forward,3408
570,Strip,5849,5127,2382.0,1329.0,87.0,86,Fashion Forward,Fashion Forward,639
571,Strip,5163,4501,2128.0,1220.0,95.0,65,On Trend,On Trend,1169
572,Strip,6000,5181,2260.0,1464.0,107.0,60,Fashion Forward,Fashion Forward,15223
573,Strip,4924,4256,1893.0,1253.0,98.0,60,On Trend,On Trend,1049
574,Strip,6329,5513,2549.0,1603.0,110.0,74,On Trend,On Trend,400
575,Mall,5688,5099,2415.0,1277.0,105.0,53,On Trend,On Trend,1231
576,Strip,5031,4319,1889.0,1300.0,83.0,54,On Trend,On Trend,455
577,Mall,7018,6399,2412.0,1225.0,88.0,74,Fashion Forward,Fashion Forward,8129
578,Mall,5140,4529,2120.0,1253.0,96.0,58,Fashion Forward,Fashion Forward,12180
579,Mall,4650,4122,1847.0,1252.0,100.0,63,Fashion Forward,Fashion Forward,2761
580,Strip,5960,5179,2389.0,1392.0,115.0,48,Fashion Forward,Fashion Forward,2943
581,Strip,4800,4181,1838.0,1255.0,94.0,59,Fashion Forward,Fashion Forward,2173
582,Strip,5196,4591,2181.0,1198.0,85.0,50,Fashion Forward,Fashion Forward,544
583,Strip,5000,4367,2333.0,1034.0,,32,On trend,On Trend,564
584,Strip,5140,4404,2059.0,1255.0,97.0,64,Fashion Forward,Fashion Forward,2897
585,Mall,5505,4656,2038.0,1394.0,104.0,67,Fashion Forward,Fashion Forward,2797
586,Strip,4983,4162,1929.0,1104.0,90.0,70,On Trend,On Trend,735
587,Strip,4346,3687,,,,55,On trend,On Trend,1378
588,Strip,5030,4244,,,,60,On trend,On Trend,1154
589,Mall,7638,6929,2526.0,1472.0,79.0,85,Fashion Forward,Fashion Forward,5656
590,Mall,5212,4640,2175.0,1265.0,95.0,52,Fashion Forward,Fashion Forward,7574
591,Strip,5510,4774,2068.0,1447.0,109.0,50,On Trend,On Trend,2520
592,Mall,6055,5244,2355.0,1551.0,104.0,88,Fashion Forward,Fashion Forward,63840
593,Strip,7384,6581,2651.0,1397.0,108.0,65,On Trend,On Trend,1075
594,Mall,4857,4140,1741.0,1200.0,92.0,59,Fashion Forward,Fashion Forward,2164
595,Mall,7781,6870,2553.0,1458.0,96.0,57,Fashion Forward,Fashion Forward,9755
596,Mall,7193,6047,2960.0,1515.0,117.0,50,Fashion Forward,Fashion Forward,3300
597,Mall,6410,5823,3090.0,1463.0,111.0,49,Fashion Forward,Fashion Forward,17490
598,Strip,4687,3964,1724.0,1092.0,82.0,47,Fashion Forward,Fashion Forward,3525
599,Strip,5000,4366,2095.0,1089.0,82.0,49,On Trend,On Trend,2252
600,Mall,7534,6871,2447.0,1489.0,114.0,50,Fashion Forward,Fashion Forward,2731
601,Strip,8030,6866,2713.0,1331.0,115.0,58,Fashion Forward,Fashion Forward,1756
602,Mall,5452,4721,2074.0,1513.0,107.0,57,On Trend,On Trend,4121
603,Strip,5397,4744,2218.0,1450.0,85.0,50,Fashion Forward,Fashion Forward,8934
604,Strip,7155,6299,2376.0,1392.0,102.0,56,Fashion Forward,Fashion Forward,9608
605,Strip,6000,5373,2920.0,1165.0,95.0,60,On Trend,On Trend,3232
606,Strip,6926,6040,2329.0,1468.0,81.0,45,Fashion Forward,Fashion Forward,8355
607,Mall,5361,4481,2087.0,1323.0,99.0,52,Fashion Forward,Fashion Forward,11630
608,Strip,4550,3861,1732.0,1169.0,97.0,65,On Trend,On Trend,1003
609,Strip,5180,4452,2046.0,1284.0,95.0,73,On Trend,On Trend,778
610,Strip,5032,4360,2087.0,1111.0,74.0,56,On Trend,On Trend,2298
611,Strip,5500,4656,2168.0,1217.0,93.0,55,On Trend,On Trend,1782
612,Strip,4981,4251,1959.0,1194.0,101.0,45,On Trend,On Trend,1916
613,Strip,6191,5572,2190.0,1418.0,86.0,106,On Trend,On Trend,7106
614,Mall,5651,4853,2292.0,1329.0,105.0,46,Fashion Forward,Fashion Forward,3410
615,Mall,7051,5949,3250.0,1404.0,105.0,76,On Trend,On Trend,6984
616,Mall,5736,4765,2183.0,1310.0,76.0,45,On Trend,On Trend,2843
617,Mall,8073,7312,3545.0,1228.0,98.0,87,Fashion Forward,Fashion Forward,9825
618,Strip,5300,4591,2254.0,1216.0,73.0,45,On Trend,On Trend,1295
619,Strip,5000,4347,1962.0,1263.0,105.0,45,Fashion Forward,Fashion Forward,6752
620,Mall,5939,5220,2838.0,1182.0,78.0,45,Fashion Forward,Fashion Forward,23707
621,Strip,5040,4373,2074.0,1114.0,94.0,45,On Trend,On Trend,681
622,Mall,5325,4373,2017.0,1281.0,100.0,48,Fashion Forward,Fashion Forward,19208
623,Mall,7032,6324,2804.0,1152.0,92.0,54,On Trend,On Trend,3220
624,Strip,5600,4832,2505.0,1106.0,82.0,64,On Trend,On Trend,1615
625,Strip,5403,4811,2517.0,1176.0,90.0,51,Fashion Forward,Fashion Forward,1142
626,Mall,5604,4917,2206.0,1282.0,77.0,44,On Trend,On Trend,2261
627,Mall,6541,5880,2317.0,1153.0,91.0,55,Fashion Forward,Fashion Forward,20967
628,Mall,5338,4663,2311.0,1286.0,100.0,53,Fashion Forward,Fashion Forward,9108
629,Outlet,6742,6131,2640.0,1053.0,76.0,114,Fashion Forward,Fashion Forward,12839
630,Mall,6789,5982,2394.0,1356.0,78.0,45,Fashion Forward,Fashion Forward,11332
631,Mall,6635,5900,2407.0,1046.0,81.0,69,Fashion Forward,Fashion Forward,4953
632,Mall,7249,6567,2765.0,1144.0,98.0,75,Fashion Forward,Fashion Forward,5057
633,Mall,7000,6375,2805.0,1128.0,86.0,84,On Trend,On Trend,8719
634,Mall,6877,6240,2443.0,1236.0,103.0,59,Fashion Forward,Fashion Forward,11010
635,Mall,8419,6817,3068.0,1156.0,84.0,114,Fashion Forward,Fashion Forward,8162
636,Mall,6814,6137,2494.0,1051.0,86.0,65,On Trend,On Trend,36537
637,Mall,6860,6336,2655.0,986.0,108.0,45,Fashion Forward,Fashion Forward,23964
638,Mall,6832,6096,2646.0,1018.0,78.0,98,Fashion Forward,Fashion Forward,8834
639,Mall,7106,6276,2869.0,1030.0,87.0,73,Fashion Forward,Fashion Forward,6155
640,Mall,7463,6733,2777.0,1243.0,101.0,62,On Trend,On Trend,2772
641,Strip,6500,5863,2130.0,1080.0,85.0,65,On Trend,On Trend,2128
642,Strip,6500,5873,2291.0,1110.0,88.0,65,Fashion Forward,Fashion Forward,3053
643,Mall,6579,5738,2355.0,1190.0,84.0,60,On Trend,On Trend,3532
644,Mall,7448,6441,2773.0,1107.0,101.0,75,Fashion Forward,Fashion Forward,2409
645,Mall,7020,6191,2467.0,1208.0,100.0,60,Fashion Forward,Fashion Forward,8768
646,Mall,6868,6116,2543.0,1021.0,81.0,65,On Trend,On Trend,1678
647,Strip,8432,7152,3350.0,1220.0,94.0,84,On Trend,On Trend,1044
648,Strip,6487,5772,2041.0,1078.0,60.0,50,On Trend,On Trend,1416
649,Mall,6847,6159,2570.0,1060.0,83.0,60,Fashion Forward,Fashion Forward,19714
650,Outlet,6475,5965,2662.0,1052.0,80.0,71,On Trend,On Trend,10746
651,Mall,7071,6465,2626.0,1124.0,88.0,78,Fashion Forward,Fashion Forward,9963
652,Strip,6713,5983,2285.0,1148.0,92.0,85,Fashion Forward,Fashion Forward,1546
653,Strip,5000,4357,2242.0,980.0,80.0,50,Fashion Forward,Fashion Forward,5141
654,Strip,7116,6310,2497.0,1210.0,101.0,50,On Trend,On Trend,532
655,Mall,6979,6124,2349.0,1076.0,89.0,65,Fashion Forward,Fashion Forward,4825
656,Mall,6584,5947,2418.0,1065.0,92.0,65,Fashion Forward,Fashion Forward,12037
657,Strip,7597,6912,2903.0,1203.0,100.0,61,Fashion Forward,Fashion Forward,492
658,Mall,7611,7015,3208.0,1144.0,84.0,64,Fashion Forward,Fashion Forward,15285
659,Outlet,6500,5834,2211.0,1026.0,87.0,65,On Trend,On Trend,56244
660,Strip,6400,5605,2120.0,1092.0,87.0,64,Fashion Forward,Fashion Forward,1387
661,Mall,7360,6647,2705.0,1181.0,97.0,106,On Trend,On Trend,7408
662,Strip,6917,6185,2327.0,1241.0,97.0,94,Fashion Forward,Fashion Forward,10657
663,Mall,7274,6599,2497.0,1263.0,91.0,60,On Trend,On Trend,1470
664,Mall,6800,6275,2961.0,1126.0,95.0,86,Fashion Forward,Fashion Forward,12203
665,Strip,7000,6317,2536.0,1149.0,92.0,60,Fashion Forward,Fashion Forward,2976
666,Strip,6480,5865,2331.0,1031.0,85.0,65,On Trend,On Trend,1290
667,Mall,7248,6529,2519.0,1157.0,92.0,84,Fashion Forward,Fashion Forward,36955
668,Strip,6787,6130,2350.0,1062.0,91.0,65,On Trend,On Trend,422
669,Strip,7000,6369,2609.0,1223.0,88.0,87,On Trend,On Trend,26
670,Strip,7247,6139,2363.0,1080.0,87.0,80,On Trend,On Trend,6939
671,Strip,6752,6008,2130.0,1151.0,102.0,70,On Trend,On Trend,4283
672,Strip,6500,5838,2161.0,1122.0,79.0,52,On Trend,On Trend,475
673,Strip,6300,5669,2029.0,1047.0,76.0,105,On Trend,On Trend,1356
674,Strip,6647,6013,2243.0,1097.0,89.0,67,Fashion Forward,Fashion Forward,4641
675,Strip,7000,6366,2254.0,1140.0,79.0,50,On Trend,On Trend,2619
676,Mall,6779,6118,2289.0,1053.0,83.0,67,Fashion Forward,Fashion Forward,17298
677,Strip,7068,6436,2445.0,1199.0,95.0,71,On Trend,On Trend,743
678,Strip,7000,6324,2420.0,1138.0,92.0,70,On Trend,On Trend,569
679,Mall,7872,6757,2645.0,1364.0,110.0,68,On Trend,On Trend,10071
680,Mall,7181,6499,2423.0,1069.0,85.0,75,On Trend,On Trend,6281
681,Mall,5225,4677,2256.0,1053.0,77.0,71,On Trend,On Trend,9397
682,Strip,4716,3967,2228.0,755.0,36.0,57,Fashion Forward,Fashion Forward,1499
683,Mall,7316,6760,3005.0,903.0,104.0,66,On Trend,On Trend,6821
684,Mall,5000,4166,2159.0,983.0,50.0,53,On Trend,On Trend,3303
685,Outlet,6000,5169,2426.0,1292.0,58.0,60,On Trend,On Trend,12857
686,Outlet,4487,3844,2017.0,837.0,48.0,40,Fashion Forward,Fashion Forward,45719
687,Outlet,6600,5982,2731.0,1651.0,63.0,89,On Trend,On Trend,56578
688,Outlet,4749,4013,1967.0,1005.0,38.0,36,On Trend,On Trend,135782
689,Mall,5089,4511,2374.0,1098.0,42.0,75,Fashion Forward,Fashion Forward,2137
690,Mall,6326,5670,2936.0,1246.0,93.0,50,Fashion Forward,Fashion Forward,4222
